Source,Target
36061009800i6039,36061009800i6862
36061009800i6039,36061009800i6425
36061009800i6039,36061009800i2126
36061009800i6039,36061009800i6367
36061009800i6039,36061009800i6390
36061009800i6039,36061009800i6435
36061009800i6039,36061009800i6366
36061009800i6862,36061009800i6039
36061009800i6862,36061009800i6425
36061009800i6862,36061009800i2126
36061009800i6862,36061009800i6367
36061009800i6862,36061009800i6390
36061009800i6862,36061009800i6435
36061009800i6862,36061009800i6366
36061009800i6425,36061009800i6039
36061009800i6425,36061009800i6862
36061009800i6425,36061009800i2126
36061009800i6425,36061009800i6367
36061009800i6425,36061009800i6390
36061009800i6425,36061009800i6435
36061009800i6425,36061009800i6366
36061009800i2126,36061009800i6039
36061009800i2126,36061009800i6862
36061009800i2126,36061009800i6425
36061009800i2126,36061009800i6367
36061009800i2126,36061009800i6390
36061009800i2126,36061009800i6435
36061009800i2126,36061009800i6366
36061009800i6367,36061009800i6039
36061009800i6367,36061009800i6862
36061009800i6367,36061009800i6425
36061009800i6367,36061009800i2126
36061009800i6367,36061009800i6390
36061009800i6367,36061009800i6435
36061009800i6367,36061009800i6366
36061009800i6390,36061009800i6039
36061009800i6390,36061009800i6862
36061009800i6390,36061009800i6425
36061009800i6390,36061009800i2126
36061009800i6390,36061009800i6367
36061009800i6390,36061009800i6435
36061009800i6390,36061009800i6366
36061009800i6435,36061009800i6039
36061009800i6435,36061009800i6862
36061009800i6435,36061009800i6425
36061009800i6435,36061009800i2126
36061009800i6435,36061009800i6367
36061009800i6435,36061009800i6390
36061009800i6435,36061009800i6366
36061009800i6366,36061009800i6039
36061009800i6366,36061009800i6862
36061009800i6366,36061009800i6425
36061009800i6366,36061009800i2126
36061009800i6366,36061009800i6367
36061009800i6366,36061009800i6390
36061009800i6366,36061009800i6435
36061012900i2376,36061012500i2205
36061012900i2376,36061012700i6434
36061012900i2376,36061012700i5136
36061012900i2376,36061013900i5328
36061012900i2376,36061012700i6635
36061012500i2205,36061012900i2376
36061012500i2205,36061012700i6434
36061012500i2205,36061012700i5136
36061012500i2205,36061013900i5328
36061012500i2205,36061012700i6635
36061012700i6434,36061012900i2376
36061012700i6434,36061012500i2205
36061012700i6434,36061012700i5136
36061012700i6434,36061013900i5328
36061012700i6434,36061012700i6635
36061012700i5136,36061012900i2376
36061012700i5136,36061012500i2205
36061012700i5136,36061012700i6434
36061012700i5136,36061013900i5328
36061012700i5136,36061012700i6635
36061013900i5328,36061012900i2376
36061013900i5328,36061012500i2205
36061013900i5328,36061012700i6434
36061013900i5328,36061012700i5136
36061013900i5328,36061012700i6635
36061012700i6635,36061012900i2376
36061012700i6635,36061012500i2205
36061012700i6635,36061012700i6434
36061012700i6635,36061012700i5136
36061012700i6635,36061013900i5328
36061015300i331,36061012700i5115
36061015300i331,36061009800i6838
36061012700i5115,36061015300i331
36061012700i5115,36061009800i6838
36061009800i6838,36061015300i331
36061009800i6838,36061012700i5115
36061012100i5503,36061012100i8061
36061012100i5503,36061012100i8053
36061012100i5503,36061012100i8018
36061012100i5503,36061012100i8013
36061012100i5503,36061012100i8051
36061012100i5503,36061012100i8035
36061012100i5503,36061012100i8048
36061012100i5503,36061012100i8032
36061012100i5503,36061012100i8030
36061012100i5503,36061012700i5813
36061012100i5503,36061012100i8017
36061012100i5503,36061012100i8020
36061012100i5503,36061012100i8063
36061012100i5503,36061012100i8036
36061012100i5503,36061012100i8019
36061012100i5503,36061012100i8066
36061012100i5503,36061012100i8064
36061012100i5503,36061012100i8023
36061012100i5503,36061012100i8039
36061012100i5503,36061012100i8046
36061012100i5503,36061012100i8033
36061012100i5503,36061012100i8040
36061012100i5503,36061012100i8034
36061012100i5503,36061012100i5889
36061012100i5503,36061012100i8065
36061012100i5503,36061012100i8050
36061012100i5503,36061012100i8045
36061012100i5503,36061012100i8054
36061012100i5503,36061013900i5778
36061012100i5503,36061012100i8028
36061012100i5503,36061012100i8024
36061012100i5503,36061012100i8052
36061012100i5503,36061012100i8038
36061012100i5503,36061012100i8037
36061012100i5503,36061012100i8014
36061012100i5503,36061012100i8062
36061012100i8061,36061012100i5503
36061012100i8061,36061012100i8053
36061012100i8061,36061012100i8018
36061012100i8061,36061012100i8013
36061012100i8061,36061012100i8051
36061012100i8061,36061012100i8035
36061012100i8061,36061012100i8048
36061012100i8061,36061012100i8032
36061012100i8061,36061012100i8030
36061012100i8061,36061012700i5813
36061012100i8061,36061012100i8017
36061012100i8061,36061012100i8020
36061012100i8061,36061012100i8063
36061012100i8061,36061012100i8036
36061012100i8061,36061012100i8019
36061012100i8061,36061012100i8066
36061012100i8061,36061012100i8064
36061012100i8061,36061012100i8023
36061012100i8061,36061012100i8039
36061012100i8061,36061012100i8046
36061012100i8061,36061012100i8033
36061012100i8061,36061012100i8040
36061012100i8061,36061012100i8034
36061012100i8061,36061012100i5889
36061012100i8061,36061012100i8065
36061012100i8061,36061012100i8050
36061012100i8061,36061012100i8045
36061012100i8061,36061012100i8054
36061012100i8061,36061013900i5778
36061012100i8061,36061012100i8028
36061012100i8061,36061012100i8024
36061012100i8061,36061012100i8052
36061012100i8061,36061012100i8038
36061012100i8061,36061012100i8037
36061012100i8061,36061012100i8014
36061012100i8061,36061012100i8062
36061012100i8053,36061012100i5503
36061012100i8053,36061012100i8061
36061012100i8053,36061012100i8018
36061012100i8053,36061012100i8013
36061012100i8053,36061012100i8051
36061012100i8053,36061012100i8035
36061012100i8053,36061012100i8048
36061012100i8053,36061012100i8032
36061012100i8053,36061012100i8030
36061012100i8053,36061012700i5813
36061012100i8053,36061012100i8017
36061012100i8053,36061012100i8020
36061012100i8053,36061012100i8063
36061012100i8053,36061012100i8036
36061012100i8053,36061012100i8019
36061012100i8053,36061012100i8066
36061012100i8053,36061012100i8064
36061012100i8053,36061012100i8023
36061012100i8053,36061012100i8039
36061012100i8053,36061012100i8046
36061012100i8053,36061012100i8033
36061012100i8053,36061012100i8040
36061012100i8053,36061012100i8034
36061012100i8053,36061012100i5889
36061012100i8053,36061012100i8065
36061012100i8053,36061012100i8050
36061012100i8053,36061012100i8045
36061012100i8053,36061012100i8054
36061012100i8053,36061013900i5778
36061012100i8053,36061012100i8028
36061012100i8053,36061012100i8024
36061012100i8053,36061012100i8052
36061012100i8053,36061012100i8038
36061012100i8053,36061012100i8037
36061012100i8053,36061012100i8014
36061012100i8053,36061012100i8062
36061012100i8018,36061012100i5503
36061012100i8018,36061012100i8061
36061012100i8018,36061012100i8053
36061012100i8018,36061012100i8013
36061012100i8018,36061012100i8051
36061012100i8018,36061012100i8035
36061012100i8018,36061012100i8048
36061012100i8018,36061012100i8032
36061012100i8018,36061012100i8030
36061012100i8018,36061012700i5813
36061012100i8018,36061012100i8017
36061012100i8018,36061012100i8020
36061012100i8018,36061012100i8063
36061012100i8018,36061012100i8036
36061012100i8018,36061012100i8019
36061012100i8018,36061012100i8066
36061012100i8018,36061012100i8064
36061012100i8018,36061012100i8023
36061012100i8018,36061012100i8039
36061012100i8018,36061012100i8046
36061012100i8018,36061012100i8033
36061012100i8018,36061012100i8040
36061012100i8018,36061012100i8034
36061012100i8018,36061012100i5889
36061012100i8018,36061012100i8065
36061012100i8018,36061012100i8050
36061012100i8018,36061012100i8045
36061012100i8018,36061012100i8054
36061012100i8018,36061013900i5778
36061012100i8018,36061012100i8028
36061012100i8018,36061012100i8024
36061012100i8018,36061012100i8052
36061012100i8018,36061012100i8038
36061012100i8018,36061012100i8037
36061012100i8018,36061012100i8014
36061012100i8018,36061012100i8062
36061012100i8013,36061012100i5503
36061012100i8013,36061012100i8061
36061012100i8013,36061012100i8053
36061012100i8013,36061012100i8018
36061012100i8013,36061012100i8051
36061012100i8013,36061012100i8035
36061012100i8013,36061012100i8048
36061012100i8013,36061012100i8032
36061012100i8013,36061012100i8030
36061012100i8013,36061012700i5813
36061012100i8013,36061012100i8017
36061012100i8013,36061012100i8020
36061012100i8013,36061012100i8063
36061012100i8013,36061012100i8036
36061012100i8013,36061012100i8019
36061012100i8013,36061012100i8066
36061012100i8013,36061012100i8064
36061012100i8013,36061012100i8023
36061012100i8013,36061012100i8039
36061012100i8013,36061012100i8046
36061012100i8013,36061012100i8033
36061012100i8013,36061012100i8040
36061012100i8013,36061012100i8034
36061012100i8013,36061012100i5889
36061012100i8013,36061012100i8065
36061012100i8013,36061012100i8050
36061012100i8013,36061012100i8045
36061012100i8013,36061012100i8054
36061012100i8013,36061013900i5778
36061012100i8013,36061012100i8028
36061012100i8013,36061012100i8024
36061012100i8013,36061012100i8052
36061012100i8013,36061012100i8038
36061012100i8013,36061012100i8037
36061012100i8013,36061012100i8014
36061012100i8013,36061012100i8062
36061012100i8051,36061012100i5503
36061012100i8051,36061012100i8061
36061012100i8051,36061012100i8053
36061012100i8051,36061012100i8018
36061012100i8051,36061012100i8013
36061012100i8051,36061012100i8035
36061012100i8051,36061012100i8048
36061012100i8051,36061012100i8032
36061012100i8051,36061012100i8030
36061012100i8051,36061012700i5813
36061012100i8051,36061012100i8017
36061012100i8051,36061012100i8020
36061012100i8051,36061012100i8063
36061012100i8051,36061012100i8036
36061012100i8051,36061012100i8019
36061012100i8051,36061012100i8066
36061012100i8051,36061012100i8064
36061012100i8051,36061012100i8023
36061012100i8051,36061012100i8039
36061012100i8051,36061012100i8046
36061012100i8051,36061012100i8033
36061012100i8051,36061012100i8040
36061012100i8051,36061012100i8034
36061012100i8051,36061012100i5889
36061012100i8051,36061012100i8065
36061012100i8051,36061012100i8050
36061012100i8051,36061012100i8045
36061012100i8051,36061012100i8054
36061012100i8051,36061013900i5778
36061012100i8051,36061012100i8028
36061012100i8051,36061012100i8024
36061012100i8051,36061012100i8052
36061012100i8051,36061012100i8038
36061012100i8051,36061012100i8037
36061012100i8051,36061012100i8014
36061012100i8051,36061012100i8062
36061012100i8035,36061012100i5503
36061012100i8035,36061012100i8061
36061012100i8035,36061012100i8053
36061012100i8035,36061012100i8018
36061012100i8035,36061012100i8013
36061012100i8035,36061012100i8051
36061012100i8035,36061012100i8048
36061012100i8035,36061012100i8032
36061012100i8035,36061012100i8030
36061012100i8035,36061012700i5813
36061012100i8035,36061012100i8017
36061012100i8035,36061012100i8020
36061012100i8035,36061012100i8063
36061012100i8035,36061012100i8036
36061012100i8035,36061012100i8019
36061012100i8035,36061012100i8066
36061012100i8035,36061012100i8064
36061012100i8035,36061012100i8023
36061012100i8035,36061012100i8039
36061012100i8035,36061012100i8046
36061012100i8035,36061012100i8033
36061012100i8035,36061012100i8040
36061012100i8035,36061012100i8034
36061012100i8035,36061012100i5889
36061012100i8035,36061012100i8065
36061012100i8035,36061012100i8050
36061012100i8035,36061012100i8045
36061012100i8035,36061012100i8054
36061012100i8035,36061013900i5778
36061012100i8035,36061012100i8028
36061012100i8035,36061012100i8024
36061012100i8035,36061012100i8052
36061012100i8035,36061012100i8038
36061012100i8035,36061012100i8037
36061012100i8035,36061012100i8014
36061012100i8035,36061012100i8062
36061012100i8048,36061012100i5503
36061012100i8048,36061012100i8061
36061012100i8048,36061012100i8053
36061012100i8048,36061012100i8018
36061012100i8048,36061012100i8013
36061012100i8048,36061012100i8051
36061012100i8048,36061012100i8035
36061012100i8048,36061012100i8032
36061012100i8048,36061012100i8030
36061012100i8048,36061012700i5813
36061012100i8048,36061012100i8017
36061012100i8048,36061012100i8020
36061012100i8048,36061012100i8063
36061012100i8048,36061012100i8036
36061012100i8048,36061012100i8019
36061012100i8048,36061012100i8066
36061012100i8048,36061012100i8064
36061012100i8048,36061012100i8023
36061012100i8048,36061012100i8039
36061012100i8048,36061012100i8046
36061012100i8048,36061012100i8033
36061012100i8048,36061012100i8040
36061012100i8048,36061012100i8034
36061012100i8048,36061012100i5889
36061012100i8048,36061012100i8065
36061012100i8048,36061012100i8050
36061012100i8048,36061012100i8045
36061012100i8048,36061012100i8054
36061012100i8048,36061013900i5778
36061012100i8048,36061012100i8028
36061012100i8048,36061012100i8024
36061012100i8048,36061012100i8052
36061012100i8048,36061012100i8038
36061012100i8048,36061012100i8037
36061012100i8048,36061012100i8014
36061012100i8048,36061012100i8062
36061012100i8032,36061012100i5503
36061012100i8032,36061012100i8061
36061012100i8032,36061012100i8053
36061012100i8032,36061012100i8018
36061012100i8032,36061012100i8013
36061012100i8032,36061012100i8051
36061012100i8032,36061012100i8035
36061012100i8032,36061012100i8048
36061012100i8032,36061012100i8030
36061012100i8032,36061012700i5813
36061012100i8032,36061012100i8017
36061012100i8032,36061012100i8020
36061012100i8032,36061012100i8063
36061012100i8032,36061012100i8036
36061012100i8032,36061012100i8019
36061012100i8032,36061012100i8066
36061012100i8032,36061012100i8064
36061012100i8032,36061012100i8023
36061012100i8032,36061012100i8039
36061012100i8032,36061012100i8046
36061012100i8032,36061012100i8033
36061012100i8032,36061012100i8040
36061012100i8032,36061012100i8034
36061012100i8032,36061012100i5889
36061012100i8032,36061012100i8065
36061012100i8032,36061012100i8050
36061012100i8032,36061012100i8045
36061012100i8032,36061012100i8054
36061012100i8032,36061013900i5778
36061012100i8032,36061012100i8028
36061012100i8032,36061012100i8024
36061012100i8032,36061012100i8052
36061012100i8032,36061012100i8038
36061012100i8032,36061012100i8037
36061012100i8032,36061012100i8014
36061012100i8032,36061012100i8062
36061012100i8030,36061012100i5503
36061012100i8030,36061012100i8061
36061012100i8030,36061012100i8053
36061012100i8030,36061012100i8018
36061012100i8030,36061012100i8013
36061012100i8030,36061012100i8051
36061012100i8030,36061012100i8035
36061012100i8030,36061012100i8048
36061012100i8030,36061012100i8032
36061012100i8030,36061012700i5813
36061012100i8030,36061012100i8017
36061012100i8030,36061012100i8020
36061012100i8030,36061012100i8063
36061012100i8030,36061012100i8036
36061012100i8030,36061012100i8019
36061012100i8030,36061012100i8066
36061012100i8030,36061012100i8064
36061012100i8030,36061012100i8023
36061012100i8030,36061012100i8039
36061012100i8030,36061012100i8046
36061012100i8030,36061012100i8033
36061012100i8030,36061012100i8040
36061012100i8030,36061012100i8034
36061012100i8030,36061012100i5889
36061012100i8030,36061012100i8065
36061012100i8030,36061012100i8050
36061012100i8030,36061012100i8045
36061012100i8030,36061012100i8054
36061012100i8030,36061013900i5778
36061012100i8030,36061012100i8028
36061012100i8030,36061012100i8024
36061012100i8030,36061012100i8052
36061012100i8030,36061012100i8038
36061012100i8030,36061012100i8037
36061012100i8030,36061012100i8014
36061012100i8030,36061012100i8062
36061012700i5813,36061012100i5503
36061012700i5813,36061012100i8061
36061012700i5813,36061012100i8053
36061012700i5813,36061012100i8018
36061012700i5813,36061012100i8013
36061012700i5813,36061012100i8051
36061012700i5813,36061012100i8035
36061012700i5813,36061012100i8048
36061012700i5813,36061012100i8032
36061012700i5813,36061012100i8030
36061012700i5813,36061012100i8017
36061012700i5813,36061012100i8020
36061012700i5813,36061012100i8063
36061012700i5813,36061012100i8036
36061012700i5813,36061012100i8019
36061012700i5813,36061012100i8066
36061012700i5813,36061012100i8064
36061012700i5813,36061012100i8023
36061012700i5813,36061012100i8039
36061012700i5813,36061012100i8046
36061012700i5813,36061012100i8033
36061012700i5813,36061012100i8040
36061012700i5813,36061012100i8034
36061012700i5813,36061012100i5889
36061012700i5813,36061012100i8065
36061012700i5813,36061012100i8050
36061012700i5813,36061012100i8045
36061012700i5813,36061012100i8054
36061012700i5813,36061013900i5778
36061012700i5813,36061012100i8028
36061012700i5813,36061012100i8024
36061012700i5813,36061012100i8052
36061012700i5813,36061012100i8038
36061012700i5813,36061012100i8037
36061012700i5813,36061012100i8014
36061012700i5813,36061012100i8062
36061012100i8017,36061012100i5503
36061012100i8017,36061012100i8061
36061012100i8017,36061012100i8053
36061012100i8017,36061012100i8018
36061012100i8017,36061012100i8013
36061012100i8017,36061012100i8051
36061012100i8017,36061012100i8035
36061012100i8017,36061012100i8048
36061012100i8017,36061012100i8032
36061012100i8017,36061012100i8030
36061012100i8017,36061012700i5813
36061012100i8017,36061012100i8020
36061012100i8017,36061012100i8063
36061012100i8017,36061012100i8036
36061012100i8017,36061012100i8019
36061012100i8017,36061012100i8066
36061012100i8017,36061012100i8064
36061012100i8017,36061012100i8023
36061012100i8017,36061012100i8039
36061012100i8017,36061012100i8046
36061012100i8017,36061012100i8033
36061012100i8017,36061012100i8040
36061012100i8017,36061012100i8034
36061012100i8017,36061012100i5889
36061012100i8017,36061012100i8065
36061012100i8017,36061012100i8050
36061012100i8017,36061012100i8045
36061012100i8017,36061012100i8054
36061012100i8017,36061013900i5778
36061012100i8017,36061012100i8028
36061012100i8017,36061012100i8024
36061012100i8017,36061012100i8052
36061012100i8017,36061012100i8038
36061012100i8017,36061012100i8037
36061012100i8017,36061012100i8014
36061012100i8017,36061012100i8062
36061012100i8020,36061012100i5503
36061012100i8020,36061012100i8061
36061012100i8020,36061012100i8053
36061012100i8020,36061012100i8018
36061012100i8020,36061012100i8013
36061012100i8020,36061012100i8051
36061012100i8020,36061012100i8035
36061012100i8020,36061012100i8048
36061012100i8020,36061012100i8032
36061012100i8020,36061012100i8030
36061012100i8020,36061012700i5813
36061012100i8020,36061012100i8017
36061012100i8020,36061012100i8063
36061012100i8020,36061012100i8036
36061012100i8020,36061012100i8019
36061012100i8020,36061012100i8066
36061012100i8020,36061012100i8064
36061012100i8020,36061012100i8023
36061012100i8020,36061012100i8039
36061012100i8020,36061012100i8046
36061012100i8020,36061012100i8033
36061012100i8020,36061012100i8040
36061012100i8020,36061012100i8034
36061012100i8020,36061012100i5889
36061012100i8020,36061012100i8065
36061012100i8020,36061012100i8050
36061012100i8020,36061012100i8045
36061012100i8020,36061012100i8054
36061012100i8020,36061013900i5778
36061012100i8020,36061012100i8028
36061012100i8020,36061012100i8024
36061012100i8020,36061012100i8052
36061012100i8020,36061012100i8038
36061012100i8020,36061012100i8037
36061012100i8020,36061012100i8014
36061012100i8020,36061012100i8062
36061012100i8063,36061012100i5503
36061012100i8063,36061012100i8061
36061012100i8063,36061012100i8053
36061012100i8063,36061012100i8018
36061012100i8063,36061012100i8013
36061012100i8063,36061012100i8051
36061012100i8063,36061012100i8035
36061012100i8063,36061012100i8048
36061012100i8063,36061012100i8032
36061012100i8063,36061012100i8030
36061012100i8063,36061012700i5813
36061012100i8063,36061012100i8017
36061012100i8063,36061012100i8020
36061012100i8063,36061012100i8036
36061012100i8063,36061012100i8019
36061012100i8063,36061012100i8066
36061012100i8063,36061012100i8064
36061012100i8063,36061012100i8023
36061012100i8063,36061012100i8039
36061012100i8063,36061012100i8046
36061012100i8063,36061012100i8033
36061012100i8063,36061012100i8040
36061012100i8063,36061012100i8034
36061012100i8063,36061012100i5889
36061012100i8063,36061012100i8065
36061012100i8063,36061012100i8050
36061012100i8063,36061012100i8045
36061012100i8063,36061012100i8054
36061012100i8063,36061013900i5778
36061012100i8063,36061012100i8028
36061012100i8063,36061012100i8024
36061012100i8063,36061012100i8052
36061012100i8063,36061012100i8038
36061012100i8063,36061012100i8037
36061012100i8063,36061012100i8014
36061012100i8063,36061012100i8062
36061012100i8036,36061012100i5503
36061012100i8036,36061012100i8061
36061012100i8036,36061012100i8053
36061012100i8036,36061012100i8018
36061012100i8036,36061012100i8013
36061012100i8036,36061012100i8051
36061012100i8036,36061012100i8035
36061012100i8036,36061012100i8048
36061012100i8036,36061012100i8032
36061012100i8036,36061012100i8030
36061012100i8036,36061012700i5813
36061012100i8036,36061012100i8017
36061012100i8036,36061012100i8020
36061012100i8036,36061012100i8063
36061012100i8036,36061012100i8019
36061012100i8036,36061012100i8066
36061012100i8036,36061012100i8064
36061012100i8036,36061012100i8023
36061012100i8036,36061012100i8039
36061012100i8036,36061012100i8046
36061012100i8036,36061012100i8033
36061012100i8036,36061012100i8040
36061012100i8036,36061012100i8034
36061012100i8036,36061012100i5889
36061012100i8036,36061012100i8065
36061012100i8036,36061012100i8050
36061012100i8036,36061012100i8045
36061012100i8036,36061012100i8054
36061012100i8036,36061013900i5778
36061012100i8036,36061012100i8028
36061012100i8036,36061012100i8024
36061012100i8036,36061012100i8052
36061012100i8036,36061012100i8038
36061012100i8036,36061012100i8037
36061012100i8036,36061012100i8014
36061012100i8036,36061012100i8062
36061012100i8019,36061012100i5503
36061012100i8019,36061012100i8061
36061012100i8019,36061012100i8053
36061012100i8019,36061012100i8018
36061012100i8019,36061012100i8013
36061012100i8019,36061012100i8051
36061012100i8019,36061012100i8035
36061012100i8019,36061012100i8048
36061012100i8019,36061012100i8032
36061012100i8019,36061012100i8030
36061012100i8019,36061012700i5813
36061012100i8019,36061012100i8017
36061012100i8019,36061012100i8020
36061012100i8019,36061012100i8063
36061012100i8019,36061012100i8036
36061012100i8019,36061012100i8066
36061012100i8019,36061012100i8064
36061012100i8019,36061012100i8023
36061012100i8019,36061012100i8039
36061012100i8019,36061012100i8046
36061012100i8019,36061012100i8033
36061012100i8019,36061012100i8040
36061012100i8019,36061012100i8034
36061012100i8019,36061012100i5889
36061012100i8019,36061012100i8065
36061012100i8019,36061012100i8050
36061012100i8019,36061012100i8045
36061012100i8019,36061012100i8054
36061012100i8019,36061013900i5778
36061012100i8019,36061012100i8028
36061012100i8019,36061012100i8024
36061012100i8019,36061012100i8052
36061012100i8019,36061012100i8038
36061012100i8019,36061012100i8037
36061012100i8019,36061012100i8014
36061012100i8019,36061012100i8062
36061012100i8066,36061012100i5503
36061012100i8066,36061012100i8061
36061012100i8066,36061012100i8053
36061012100i8066,36061012100i8018
36061012100i8066,36061012100i8013
36061012100i8066,36061012100i8051
36061012100i8066,36061012100i8035
36061012100i8066,36061012100i8048
36061012100i8066,36061012100i8032
36061012100i8066,36061012100i8030
36061012100i8066,36061012700i5813
36061012100i8066,36061012100i8017
36061012100i8066,36061012100i8020
36061012100i8066,36061012100i8063
36061012100i8066,36061012100i8036
36061012100i8066,36061012100i8019
36061012100i8066,36061012100i8064
36061012100i8066,36061012100i8023
36061012100i8066,36061012100i8039
36061012100i8066,36061012100i8046
36061012100i8066,36061012100i8033
36061012100i8066,36061012100i8040
36061012100i8066,36061012100i8034
36061012100i8066,36061012100i5889
36061012100i8066,36061012100i8065
36061012100i8066,36061012100i8050
36061012100i8066,36061012100i8045
36061012100i8066,36061012100i8054
36061012100i8066,36061013900i5778
36061012100i8066,36061012100i8028
36061012100i8066,36061012100i8024
36061012100i8066,36061012100i8052
36061012100i8066,36061012100i8038
36061012100i8066,36061012100i8037
36061012100i8066,36061012100i8014
36061012100i8066,36061012100i8062
36061012100i8064,36061012100i5503
36061012100i8064,36061012100i8061
36061012100i8064,36061012100i8053
36061012100i8064,36061012100i8018
36061012100i8064,36061012100i8013
36061012100i8064,36061012100i8051
36061012100i8064,36061012100i8035
36061012100i8064,36061012100i8048
36061012100i8064,36061012100i8032
36061012100i8064,36061012100i8030
36061012100i8064,36061012700i5813
36061012100i8064,36061012100i8017
36061012100i8064,36061012100i8020
36061012100i8064,36061012100i8063
36061012100i8064,36061012100i8036
36061012100i8064,36061012100i8019
36061012100i8064,36061012100i8066
36061012100i8064,36061012100i8023
36061012100i8064,36061012100i8039
36061012100i8064,36061012100i8046
36061012100i8064,36061012100i8033
36061012100i8064,36061012100i8040
36061012100i8064,36061012100i8034
36061012100i8064,36061012100i5889
36061012100i8064,36061012100i8065
36061012100i8064,36061012100i8050
36061012100i8064,36061012100i8045
36061012100i8064,36061012100i8054
36061012100i8064,36061013900i5778
36061012100i8064,36061012100i8028
36061012100i8064,36061012100i8024
36061012100i8064,36061012100i8052
36061012100i8064,36061012100i8038
36061012100i8064,36061012100i8037
36061012100i8064,36061012100i8014
36061012100i8064,36061012100i8062
36061012100i8023,36061012100i5503
36061012100i8023,36061012100i8061
36061012100i8023,36061012100i8053
36061012100i8023,36061012100i8018
36061012100i8023,36061012100i8013
36061012100i8023,36061012100i8051
36061012100i8023,36061012100i8035
36061012100i8023,36061012100i8048
36061012100i8023,36061012100i8032
36061012100i8023,36061012100i8030
36061012100i8023,36061012700i5813
36061012100i8023,36061012100i8017
36061012100i8023,36061012100i8020
36061012100i8023,36061012100i8063
36061012100i8023,36061012100i8036
36061012100i8023,36061012100i8019
36061012100i8023,36061012100i8066
36061012100i8023,36061012100i8064
36061012100i8023,36061012100i8039
36061012100i8023,36061012100i8046
36061012100i8023,36061012100i8033
36061012100i8023,36061012100i8040
36061012100i8023,36061012100i8034
36061012100i8023,36061012100i5889
36061012100i8023,36061012100i8065
36061012100i8023,36061012100i8050
36061012100i8023,36061012100i8045
36061012100i8023,36061012100i8054
36061012100i8023,36061013900i5778
36061012100i8023,36061012100i8028
36061012100i8023,36061012100i8024
36061012100i8023,36061012100i8052
36061012100i8023,36061012100i8038
36061012100i8023,36061012100i8037
36061012100i8023,36061012100i8014
36061012100i8023,36061012100i8062
36061012100i8039,36061012100i5503
36061012100i8039,36061012100i8061
36061012100i8039,36061012100i8053
36061012100i8039,36061012100i8018
36061012100i8039,36061012100i8013
36061012100i8039,36061012100i8051
36061012100i8039,36061012100i8035
36061012100i8039,36061012100i8048
36061012100i8039,36061012100i8032
36061012100i8039,36061012100i8030
36061012100i8039,36061012700i5813
36061012100i8039,36061012100i8017
36061012100i8039,36061012100i8020
36061012100i8039,36061012100i8063
36061012100i8039,36061012100i8036
36061012100i8039,36061012100i8019
36061012100i8039,36061012100i8066
36061012100i8039,36061012100i8064
36061012100i8039,36061012100i8023
36061012100i8039,36061012100i8046
36061012100i8039,36061012100i8033
36061012100i8039,36061012100i8040
36061012100i8039,36061012100i8034
36061012100i8039,36061012100i5889
36061012100i8039,36061012100i8065
36061012100i8039,36061012100i8050
36061012100i8039,36061012100i8045
36061012100i8039,36061012100i8054
36061012100i8039,36061013900i5778
36061012100i8039,36061012100i8028
36061012100i8039,36061012100i8024
36061012100i8039,36061012100i8052
36061012100i8039,36061012100i8038
36061012100i8039,36061012100i8037
36061012100i8039,36061012100i8014
36061012100i8039,36061012100i8062
36061012100i8046,36061012100i5503
36061012100i8046,36061012100i8061
36061012100i8046,36061012100i8053
36061012100i8046,36061012100i8018
36061012100i8046,36061012100i8013
36061012100i8046,36061012100i8051
36061012100i8046,36061012100i8035
36061012100i8046,36061012100i8048
36061012100i8046,36061012100i8032
36061012100i8046,36061012100i8030
36061012100i8046,36061012700i5813
36061012100i8046,36061012100i8017
36061012100i8046,36061012100i8020
36061012100i8046,36061012100i8063
36061012100i8046,36061012100i8036
36061012100i8046,36061012100i8019
36061012100i8046,36061012100i8066
36061012100i8046,36061012100i8064
36061012100i8046,36061012100i8023
36061012100i8046,36061012100i8039
36061012100i8046,36061012100i8033
36061012100i8046,36061012100i8040
36061012100i8046,36061012100i8034
36061012100i8046,36061012100i5889
36061012100i8046,36061012100i8065
36061012100i8046,36061012100i8050
36061012100i8046,36061012100i8045
36061012100i8046,36061012100i8054
36061012100i8046,36061013900i5778
36061012100i8046,36061012100i8028
36061012100i8046,36061012100i8024
36061012100i8046,36061012100i8052
36061012100i8046,36061012100i8038
36061012100i8046,36061012100i8037
36061012100i8046,36061012100i8014
36061012100i8046,36061012100i8062
36061012100i8033,36061012100i5503
36061012100i8033,36061012100i8061
36061012100i8033,36061012100i8053
36061012100i8033,36061012100i8018
36061012100i8033,36061012100i8013
36061012100i8033,36061012100i8051
36061012100i8033,36061012100i8035
36061012100i8033,36061012100i8048
36061012100i8033,36061012100i8032
36061012100i8033,36061012100i8030
36061012100i8033,36061012700i5813
36061012100i8033,36061012100i8017
36061012100i8033,36061012100i8020
36061012100i8033,36061012100i8063
36061012100i8033,36061012100i8036
36061012100i8033,36061012100i8019
36061012100i8033,36061012100i8066
36061012100i8033,36061012100i8064
36061012100i8033,36061012100i8023
36061012100i8033,36061012100i8039
36061012100i8033,36061012100i8046
36061012100i8033,36061012100i8040
36061012100i8033,36061012100i8034
36061012100i8033,36061012100i5889
36061012100i8033,36061012100i8065
36061012100i8033,36061012100i8050
36061012100i8033,36061012100i8045
36061012100i8033,36061012100i8054
36061012100i8033,36061013900i5778
36061012100i8033,36061012100i8028
36061012100i8033,36061012100i8024
36061012100i8033,36061012100i8052
36061012100i8033,36061012100i8038
36061012100i8033,36061012100i8037
36061012100i8033,36061012100i8014
36061012100i8033,36061012100i8062
36061012100i8040,36061012100i5503
36061012100i8040,36061012100i8061
36061012100i8040,36061012100i8053
36061012100i8040,36061012100i8018
36061012100i8040,36061012100i8013
36061012100i8040,36061012100i8051
36061012100i8040,36061012100i8035
36061012100i8040,36061012100i8048
36061012100i8040,36061012100i8032
36061012100i8040,36061012100i8030
36061012100i8040,36061012700i5813
36061012100i8040,36061012100i8017
36061012100i8040,36061012100i8020
36061012100i8040,36061012100i8063
36061012100i8040,36061012100i8036
36061012100i8040,36061012100i8019
36061012100i8040,36061012100i8066
36061012100i8040,36061012100i8064
36061012100i8040,36061012100i8023
36061012100i8040,36061012100i8039
36061012100i8040,36061012100i8046
36061012100i8040,36061012100i8033
36061012100i8040,36061012100i8034
36061012100i8040,36061012100i5889
36061012100i8040,36061012100i8065
36061012100i8040,36061012100i8050
36061012100i8040,36061012100i8045
36061012100i8040,36061012100i8054
36061012100i8040,36061013900i5778
36061012100i8040,36061012100i8028
36061012100i8040,36061012100i8024
36061012100i8040,36061012100i8052
36061012100i8040,36061012100i8038
36061012100i8040,36061012100i8037
36061012100i8040,36061012100i8014
36061012100i8040,36061012100i8062
36061012100i8034,36061012100i5503
36061012100i8034,36061012100i8061
36061012100i8034,36061012100i8053
36061012100i8034,36061012100i8018
36061012100i8034,36061012100i8013
36061012100i8034,36061012100i8051
36061012100i8034,36061012100i8035
36061012100i8034,36061012100i8048
36061012100i8034,36061012100i8032
36061012100i8034,36061012100i8030
36061012100i8034,36061012700i5813
36061012100i8034,36061012100i8017
36061012100i8034,36061012100i8020
36061012100i8034,36061012100i8063
36061012100i8034,36061012100i8036
36061012100i8034,36061012100i8019
36061012100i8034,36061012100i8066
36061012100i8034,36061012100i8064
36061012100i8034,36061012100i8023
36061012100i8034,36061012100i8039
36061012100i8034,36061012100i8046
36061012100i8034,36061012100i8033
36061012100i8034,36061012100i8040
36061012100i8034,36061012100i5889
36061012100i8034,36061012100i8065
36061012100i8034,36061012100i8050
36061012100i8034,36061012100i8045
36061012100i8034,36061012100i8054
36061012100i8034,36061013900i5778
36061012100i8034,36061012100i8028
36061012100i8034,36061012100i8024
36061012100i8034,36061012100i8052
36061012100i8034,36061012100i8038
36061012100i8034,36061012100i8037
36061012100i8034,36061012100i8014
36061012100i8034,36061012100i8062
36061012100i5889,36061012100i5503
36061012100i5889,36061012100i8061
36061012100i5889,36061012100i8053
36061012100i5889,36061012100i8018
36061012100i5889,36061012100i8013
36061012100i5889,36061012100i8051
36061012100i5889,36061012100i8035
36061012100i5889,36061012100i8048
36061012100i5889,36061012100i8032
36061012100i5889,36061012100i8030
36061012100i5889,36061012700i5813
36061012100i5889,36061012100i8017
36061012100i5889,36061012100i8020
36061012100i5889,36061012100i8063
36061012100i5889,36061012100i8036
36061012100i5889,36061012100i8019
36061012100i5889,36061012100i8066
36061012100i5889,36061012100i8064
36061012100i5889,36061012100i8023
36061012100i5889,36061012100i8039
36061012100i5889,36061012100i8046
36061012100i5889,36061012100i8033
36061012100i5889,36061012100i8040
36061012100i5889,36061012100i8034
36061012100i5889,36061012100i8065
36061012100i5889,36061012100i8050
36061012100i5889,36061012100i8045
36061012100i5889,36061012100i8054
36061012100i5889,36061013900i5778
36061012100i5889,36061012100i8028
36061012100i5889,36061012100i8024
36061012100i5889,36061012100i8052
36061012100i5889,36061012100i8038
36061012100i5889,36061012100i8037
36061012100i5889,36061012100i8014
36061012100i5889,36061012100i8062
36061012100i8065,36061012100i5503
36061012100i8065,36061012100i8061
36061012100i8065,36061012100i8053
36061012100i8065,36061012100i8018
36061012100i8065,36061012100i8013
36061012100i8065,36061012100i8051
36061012100i8065,36061012100i8035
36061012100i8065,36061012100i8048
36061012100i8065,36061012100i8032
36061012100i8065,36061012100i8030
36061012100i8065,36061012700i5813
36061012100i8065,36061012100i8017
36061012100i8065,36061012100i8020
36061012100i8065,36061012100i8063
36061012100i8065,36061012100i8036
36061012100i8065,36061012100i8019
36061012100i8065,36061012100i8066
36061012100i8065,36061012100i8064
36061012100i8065,36061012100i8023
36061012100i8065,36061012100i8039
36061012100i8065,36061012100i8046
36061012100i8065,36061012100i8033
36061012100i8065,36061012100i8040
36061012100i8065,36061012100i8034
36061012100i8065,36061012100i5889
36061012100i8065,36061012100i8050
36061012100i8065,36061012100i8045
36061012100i8065,36061012100i8054
36061012100i8065,36061013900i5778
36061012100i8065,36061012100i8028
36061012100i8065,36061012100i8024
36061012100i8065,36061012100i8052
36061012100i8065,36061012100i8038
36061012100i8065,36061012100i8037
36061012100i8065,36061012100i8014
36061012100i8065,36061012100i8062
36061012100i8050,36061012100i5503
36061012100i8050,36061012100i8061
36061012100i8050,36061012100i8053
36061012100i8050,36061012100i8018
36061012100i8050,36061012100i8013
36061012100i8050,36061012100i8051
36061012100i8050,36061012100i8035
36061012100i8050,36061012100i8048
36061012100i8050,36061012100i8032
36061012100i8050,36061012100i8030
36061012100i8050,36061012700i5813
36061012100i8050,36061012100i8017
36061012100i8050,36061012100i8020
36061012100i8050,36061012100i8063
36061012100i8050,36061012100i8036
36061012100i8050,36061012100i8019
36061012100i8050,36061012100i8066
36061012100i8050,36061012100i8064
36061012100i8050,36061012100i8023
36061012100i8050,36061012100i8039
36061012100i8050,36061012100i8046
36061012100i8050,36061012100i8033
36061012100i8050,36061012100i8040
36061012100i8050,36061012100i8034
36061012100i8050,36061012100i5889
36061012100i8050,36061012100i8065
36061012100i8050,36061012100i8045
36061012100i8050,36061012100i8054
36061012100i8050,36061013900i5778
36061012100i8050,36061012100i8028
36061012100i8050,36061012100i8024
36061012100i8050,36061012100i8052
36061012100i8050,36061012100i8038
36061012100i8050,36061012100i8037
36061012100i8050,36061012100i8014
36061012100i8050,36061012100i8062
36061012100i8045,36061012100i5503
36061012100i8045,36061012100i8061
36061012100i8045,36061012100i8053
36061012100i8045,36061012100i8018
36061012100i8045,36061012100i8013
36061012100i8045,36061012100i8051
36061012100i8045,36061012100i8035
36061012100i8045,36061012100i8048
36061012100i8045,36061012100i8032
36061012100i8045,36061012100i8030
36061012100i8045,36061012700i5813
36061012100i8045,36061012100i8017
36061012100i8045,36061012100i8020
36061012100i8045,36061012100i8063
36061012100i8045,36061012100i8036
36061012100i8045,36061012100i8019
36061012100i8045,36061012100i8066
36061012100i8045,36061012100i8064
36061012100i8045,36061012100i8023
36061012100i8045,36061012100i8039
36061012100i8045,36061012100i8046
36061012100i8045,36061012100i8033
36061012100i8045,36061012100i8040
36061012100i8045,36061012100i8034
36061012100i8045,36061012100i5889
36061012100i8045,36061012100i8065
36061012100i8045,36061012100i8050
36061012100i8045,36061012100i8054
36061012100i8045,36061013900i5778
36061012100i8045,36061012100i8028
36061012100i8045,36061012100i8024
36061012100i8045,36061012100i8052
36061012100i8045,36061012100i8038
36061012100i8045,36061012100i8037
36061012100i8045,36061012100i8014
36061012100i8045,36061012100i8062
36061012100i8054,36061012100i5503
36061012100i8054,36061012100i8061
36061012100i8054,36061012100i8053
36061012100i8054,36061012100i8018
36061012100i8054,36061012100i8013
36061012100i8054,36061012100i8051
36061012100i8054,36061012100i8035
36061012100i8054,36061012100i8048
36061012100i8054,36061012100i8032
36061012100i8054,36061012100i8030
36061012100i8054,36061012700i5813
36061012100i8054,36061012100i8017
36061012100i8054,36061012100i8020
36061012100i8054,36061012100i8063
36061012100i8054,36061012100i8036
36061012100i8054,36061012100i8019
36061012100i8054,36061012100i8066
36061012100i8054,36061012100i8064
36061012100i8054,36061012100i8023
36061012100i8054,36061012100i8039
36061012100i8054,36061012100i8046
36061012100i8054,36061012100i8033
36061012100i8054,36061012100i8040
36061012100i8054,36061012100i8034
36061012100i8054,36061012100i5889
36061012100i8054,36061012100i8065
36061012100i8054,36061012100i8050
36061012100i8054,36061012100i8045
36061012100i8054,36061013900i5778
36061012100i8054,36061012100i8028
36061012100i8054,36061012100i8024
36061012100i8054,36061012100i8052
36061012100i8054,36061012100i8038
36061012100i8054,36061012100i8037
36061012100i8054,36061012100i8014
36061012100i8054,36061012100i8062
36061013900i5778,36061012100i5503
36061013900i5778,36061012100i8061
36061013900i5778,36061012100i8053
36061013900i5778,36061012100i8018
36061013900i5778,36061012100i8013
36061013900i5778,36061012100i8051
36061013900i5778,36061012100i8035
36061013900i5778,36061012100i8048
36061013900i5778,36061012100i8032
36061013900i5778,36061012100i8030
36061013900i5778,36061012700i5813
36061013900i5778,36061012100i8017
36061013900i5778,36061012100i8020
36061013900i5778,36061012100i8063
36061013900i5778,36061012100i8036
36061013900i5778,36061012100i8019
36061013900i5778,36061012100i8066
36061013900i5778,36061012100i8064
36061013900i5778,36061012100i8023
36061013900i5778,36061012100i8039
36061013900i5778,36061012100i8046
36061013900i5778,36061012100i8033
36061013900i5778,36061012100i8040
36061013900i5778,36061012100i8034
36061013900i5778,36061012100i5889
36061013900i5778,36061012100i8065
36061013900i5778,36061012100i8050
36061013900i5778,36061012100i8045
36061013900i5778,36061012100i8054
36061013900i5778,36061012100i8028
36061013900i5778,36061012100i8024
36061013900i5778,36061012100i8052
36061013900i5778,36061012100i8038
36061013900i5778,36061012100i8037
36061013900i5778,36061012100i8014
36061013900i5778,36061012100i8062
36061012100i8028,36061012100i5503
36061012100i8028,36061012100i8061
36061012100i8028,36061012100i8053
36061012100i8028,36061012100i8018
36061012100i8028,36061012100i8013
36061012100i8028,36061012100i8051
36061012100i8028,36061012100i8035
36061012100i8028,36061012100i8048
36061012100i8028,36061012100i8032
36061012100i8028,36061012100i8030
36061012100i8028,36061012700i5813
36061012100i8028,36061012100i8017
36061012100i8028,36061012100i8020
36061012100i8028,36061012100i8063
36061012100i8028,36061012100i8036
36061012100i8028,36061012100i8019
36061012100i8028,36061012100i8066
36061012100i8028,36061012100i8064
36061012100i8028,36061012100i8023
36061012100i8028,36061012100i8039
36061012100i8028,36061012100i8046
36061012100i8028,36061012100i8033
36061012100i8028,36061012100i8040
36061012100i8028,36061012100i8034
36061012100i8028,36061012100i5889
36061012100i8028,36061012100i8065
36061012100i8028,36061012100i8050
36061012100i8028,36061012100i8045
36061012100i8028,36061012100i8054
36061012100i8028,36061013900i5778
36061012100i8028,36061012100i8024
36061012100i8028,36061012100i8052
36061012100i8028,36061012100i8038
36061012100i8028,36061012100i8037
36061012100i8028,36061012100i8014
36061012100i8028,36061012100i8062
36061012100i8024,36061012100i5503
36061012100i8024,36061012100i8061
36061012100i8024,36061012100i8053
36061012100i8024,36061012100i8018
36061012100i8024,36061012100i8013
36061012100i8024,36061012100i8051
36061012100i8024,36061012100i8035
36061012100i8024,36061012100i8048
36061012100i8024,36061012100i8032
36061012100i8024,36061012100i8030
36061012100i8024,36061012700i5813
36061012100i8024,36061012100i8017
36061012100i8024,36061012100i8020
36061012100i8024,36061012100i8063
36061012100i8024,36061012100i8036
36061012100i8024,36061012100i8019
36061012100i8024,36061012100i8066
36061012100i8024,36061012100i8064
36061012100i8024,36061012100i8023
36061012100i8024,36061012100i8039
36061012100i8024,36061012100i8046
36061012100i8024,36061012100i8033
36061012100i8024,36061012100i8040
36061012100i8024,36061012100i8034
36061012100i8024,36061012100i5889
36061012100i8024,36061012100i8065
36061012100i8024,36061012100i8050
36061012100i8024,36061012100i8045
36061012100i8024,36061012100i8054
36061012100i8024,36061013900i5778
36061012100i8024,36061012100i8028
36061012100i8024,36061012100i8052
36061012100i8024,36061012100i8038
36061012100i8024,36061012100i8037
36061012100i8024,36061012100i8014
36061012100i8024,36061012100i8062
36061012100i8052,36061012100i5503
36061012100i8052,36061012100i8061
36061012100i8052,36061012100i8053
36061012100i8052,36061012100i8018
36061012100i8052,36061012100i8013
36061012100i8052,36061012100i8051
36061012100i8052,36061012100i8035
36061012100i8052,36061012100i8048
36061012100i8052,36061012100i8032
36061012100i8052,36061012100i8030
36061012100i8052,36061012700i5813
36061012100i8052,36061012100i8017
36061012100i8052,36061012100i8020
36061012100i8052,36061012100i8063
36061012100i8052,36061012100i8036
36061012100i8052,36061012100i8019
36061012100i8052,36061012100i8066
36061012100i8052,36061012100i8064
36061012100i8052,36061012100i8023
36061012100i8052,36061012100i8039
36061012100i8052,36061012100i8046
36061012100i8052,36061012100i8033
36061012100i8052,36061012100i8040
36061012100i8052,36061012100i8034
36061012100i8052,36061012100i5889
36061012100i8052,36061012100i8065
36061012100i8052,36061012100i8050
36061012100i8052,36061012100i8045
36061012100i8052,36061012100i8054
36061012100i8052,36061013900i5778
36061012100i8052,36061012100i8028
36061012100i8052,36061012100i8024
36061012100i8052,36061012100i8038
36061012100i8052,36061012100i8037
36061012100i8052,36061012100i8014
36061012100i8052,36061012100i8062
36061012100i8038,36061012100i5503
36061012100i8038,36061012100i8061
36061012100i8038,36061012100i8053
36061012100i8038,36061012100i8018
36061012100i8038,36061012100i8013
36061012100i8038,36061012100i8051
36061012100i8038,36061012100i8035
36061012100i8038,36061012100i8048
36061012100i8038,36061012100i8032
36061012100i8038,36061012100i8030
36061012100i8038,36061012700i5813
36061012100i8038,36061012100i8017
36061012100i8038,36061012100i8020
36061012100i8038,36061012100i8063
36061012100i8038,36061012100i8036
36061012100i8038,36061012100i8019
36061012100i8038,36061012100i8066
36061012100i8038,36061012100i8064
36061012100i8038,36061012100i8023
36061012100i8038,36061012100i8039
36061012100i8038,36061012100i8046
36061012100i8038,36061012100i8033
36061012100i8038,36061012100i8040
36061012100i8038,36061012100i8034
36061012100i8038,36061012100i5889
36061012100i8038,36061012100i8065
36061012100i8038,36061012100i8050
36061012100i8038,36061012100i8045
36061012100i8038,36061012100i8054
36061012100i8038,36061013900i5778
36061012100i8038,36061012100i8028
36061012100i8038,36061012100i8024
36061012100i8038,36061012100i8052
36061012100i8038,36061012100i8037
36061012100i8038,36061012100i8014
36061012100i8038,36061012100i8062
36061012100i8037,36061012100i5503
36061012100i8037,36061012100i8061
36061012100i8037,36061012100i8053
36061012100i8037,36061012100i8018
36061012100i8037,36061012100i8013
36061012100i8037,36061012100i8051
36061012100i8037,36061012100i8035
36061012100i8037,36061012100i8048
36061012100i8037,36061012100i8032
36061012100i8037,36061012100i8030
36061012100i8037,36061012700i5813
36061012100i8037,36061012100i8017
36061012100i8037,36061012100i8020
36061012100i8037,36061012100i8063
36061012100i8037,36061012100i8036
36061012100i8037,36061012100i8019
36061012100i8037,36061012100i8066
36061012100i8037,36061012100i8064
36061012100i8037,36061012100i8023
36061012100i8037,36061012100i8039
36061012100i8037,36061012100i8046
36061012100i8037,36061012100i8033
36061012100i8037,36061012100i8040
36061012100i8037,36061012100i8034
36061012100i8037,36061012100i5889
36061012100i8037,36061012100i8065
36061012100i8037,36061012100i8050
36061012100i8037,36061012100i8045
36061012100i8037,36061012100i8054
36061012100i8037,36061013900i5778
36061012100i8037,36061012100i8028
36061012100i8037,36061012100i8024
36061012100i8037,36061012100i8052
36061012100i8037,36061012100i8038
36061012100i8037,36061012100i8014
36061012100i8037,36061012100i8062
36061012100i8014,36061012100i5503
36061012100i8014,36061012100i8061
36061012100i8014,36061012100i8053
36061012100i8014,36061012100i8018
36061012100i8014,36061012100i8013
36061012100i8014,36061012100i8051
36061012100i8014,36061012100i8035
36061012100i8014,36061012100i8048
36061012100i8014,36061012100i8032
36061012100i8014,36061012100i8030
36061012100i8014,36061012700i5813
36061012100i8014,36061012100i8017
36061012100i8014,36061012100i8020
36061012100i8014,36061012100i8063
36061012100i8014,36061012100i8036
36061012100i8014,36061012100i8019
36061012100i8014,36061012100i8066
36061012100i8014,36061012100i8064
36061012100i8014,36061012100i8023
36061012100i8014,36061012100i8039
36061012100i8014,36061012100i8046
36061012100i8014,36061012100i8033
36061012100i8014,36061012100i8040
36061012100i8014,36061012100i8034
36061012100i8014,36061012100i5889
36061012100i8014,36061012100i8065
36061012100i8014,36061012100i8050
36061012100i8014,36061012100i8045
36061012100i8014,36061012100i8054
36061012100i8014,36061013900i5778
36061012100i8014,36061012100i8028
36061012100i8014,36061012100i8024
36061012100i8014,36061012100i8052
36061012100i8014,36061012100i8038
36061012100i8014,36061012100i8037
36061012100i8014,36061012100i8062
36061012100i8062,36061012100i5503
36061012100i8062,36061012100i8061
36061012100i8062,36061012100i8053
36061012100i8062,36061012100i8018
36061012100i8062,36061012100i8013
36061012100i8062,36061012100i8051
36061012100i8062,36061012100i8035
36061012100i8062,36061012100i8048
36061012100i8062,36061012100i8032
36061012100i8062,36061012100i8030
36061012100i8062,36061012700i5813
36061012100i8062,36061012100i8017
36061012100i8062,36061012100i8020
36061012100i8062,36061012100i8063
36061012100i8062,36061012100i8036
36061012100i8062,36061012100i8019
36061012100i8062,36061012100i8066
36061012100i8062,36061012100i8064
36061012100i8062,36061012100i8023
36061012100i8062,36061012100i8039
36061012100i8062,36061012100i8046
36061012100i8062,36061012100i8033
36061012100i8062,36061012100i8040
36061012100i8062,36061012100i8034
36061012100i8062,36061012100i5889
36061012100i8062,36061012100i8065
36061012100i8062,36061012100i8050
36061012100i8062,36061012100i8045
36061012100i8062,36061012100i8054
36061012100i8062,36061013900i5778
36061012100i8062,36061012100i8028
36061012100i8062,36061012100i8024
36061012100i8062,36061012100i8052
36061012100i8062,36061012100i8038
36061012100i8062,36061012100i8037
36061012100i8062,36061012100i8014
36061015100i6891,36061014500i948
36061015100i6891,36061015300i4889
36061015100i6891,36061015300i4353
36061015100i6891,36061015100i4192
36061014500i948,36061015100i6891
36061014500i948,36061015300i4889
36061014500i948,36061015300i4353
36061014500i948,36061015100i4192
36061015300i4889,36061015100i6891
36061015300i4889,36061014500i948
36061015300i4889,36061015300i4353
36061015300i4889,36061015100i4192
36061015300i4353,36061015100i6891
36061015300i4353,36061014500i948
36061015300i4353,36061015300i4889
36061015300i4353,36061015100i4192
36061015100i4192,36061015100i6891
36061015100i4192,36061014500i948
36061015100i4192,36061015300i4889
36061015100i4192,36061015300i4353
36061015100i1251,36061015100i1290
36061015100i1251,36061015100i3423
36061015100i1251,36061013900i8011
36061015100i1251,36061013900i2064
36061015100i1251,36061015100i6878
36061015100i1290,36061015100i1251
36061015100i1290,36061015100i3423
36061015100i1290,36061013900i8011
36061015100i1290,36061013900i2064
36061015100i1290,36061015100i6878
36061015100i3423,36061015100i1251
36061015100i3423,36061015100i1290
36061015100i3423,36061013900i8011
36061015100i3423,36061013900i2064
36061015100i3423,36061015100i6878
36061013900i8011,36061015100i1251
36061013900i8011,36061015100i1290
36061013900i8011,36061015100i3423
36061013900i8011,36061013900i2064
36061013900i8011,36061015100i6878
36061013900i2064,36061015100i1251
36061013900i2064,36061015100i1290
36061013900i2064,36061015100i3423
36061013900i2064,36061013900i8011
36061013900i2064,36061015100i6878
36061015100i6878,36061015100i1251
36061015100i6878,36061015100i1290
36061015100i6878,36061015100i3423
36061015100i6878,36061013900i8011
36061015100i6878,36061013900i2064
36061010601i5666,36061011800i4274
36061010601i5666,36061011800i4667
36061010601i5666,36061010601i5536
36061010601i5666,36061011800i6737
36061010601i5666,36061009800i300
36061011800i4274,36061010601i5666
36061011800i4274,36061011800i4667
36061011800i4274,36061010601i5536
36061011800i4274,36061011800i6737
36061011800i4274,36061009800i300
36061011800i4667,36061010601i5666
36061011800i4667,36061011800i4274
36061011800i4667,36061010601i5536
36061011800i4667,36061011800i6737
36061011800i4667,36061009800i300
36061010601i5536,36061010601i5666
36061010601i5536,36061011800i4274
36061010601i5536,36061011800i4667
36061010601i5536,36061011800i6737
36061010601i5536,36061009800i300
36061011800i6737,36061010601i5666
36061011800i6737,36061011800i4274
36061011800i6737,36061011800i4667
36061011800i6737,36061010601i5536
36061011800i6737,36061009800i300
36061009800i300,36061010601i5666
36061009800i300,36061011800i4274
36061009800i300,36061011800i4667
36061009800i300,36061010601i5536
36061009800i300,36061011800i6737
36061007800i6830,36061006600i9502
36061007800i6830,36061007200i7423
36061007800i6830,36061007800i6827
36061007800i6830,36061008000i4577
36061006600i9502,36061007800i6830
36061006600i9502,36061007200i7423
36061006600i9502,36061007800i6827
36061006600i9502,36061008000i4577
36061007200i7423,36061007800i6830
36061007200i7423,36061006600i9502
36061007200i7423,36061007800i6827
36061007200i7423,36061008000i4577
36061007800i6827,36061007800i6830
36061007800i6827,36061006600i9502
36061007800i6827,36061007200i7423
36061007800i6827,36061008000i4577
36061008000i4577,36061007800i6830
36061008000i4577,36061006600i9502
36061008000i4577,36061007200i7423
36061008000i4577,36061007800i6827
36061015900i6171,36061015900i9300
36061015900i6171,36061015900i9489
36061015900i6171,36061015300i5088
36061015900i6171,36061015900i187
36061015900i6171,36061016300i5808
36061015900i6171,36061015500i4288
36061015900i6171,36061016300i3318
36061015900i6171,36061016100i1616
36061015900i6171,36061016300i5812
36061015900i6171,36061015900i8253
36061015900i6171,36061015900i9212
36061015900i6171,36061015900i8955
36061015900i9300,36061015900i6171
36061015900i9300,36061015900i9489
36061015900i9300,36061015300i5088
36061015900i9300,36061015900i187
36061015900i9300,36061016300i5808
36061015900i9300,36061015500i4288
36061015900i9300,36061016300i3318
36061015900i9300,36061016100i1616
36061015900i9300,36061016300i5812
36061015900i9300,36061015900i8253
36061015900i9300,36061015900i9212
36061015900i9300,36061015900i8955
36061015900i9489,36061015900i6171
36061015900i9489,36061015900i9300
36061015900i9489,36061015300i5088
36061015900i9489,36061015900i187
36061015900i9489,36061016300i5808
36061015900i9489,36061015500i4288
36061015900i9489,36061016300i3318
36061015900i9489,36061016100i1616
36061015900i9489,36061016300i5812
36061015900i9489,36061015900i8253
36061015900i9489,36061015900i9212
36061015900i9489,36061015900i8955
36061015300i5088,36061015900i6171
36061015300i5088,36061015900i9300
36061015300i5088,36061015900i9489
36061015300i5088,36061015900i187
36061015300i5088,36061016300i5808
36061015300i5088,36061015500i4288
36061015300i5088,36061016300i3318
36061015300i5088,36061016100i1616
36061015300i5088,36061016300i5812
36061015300i5088,36061015900i8253
36061015300i5088,36061015900i9212
36061015300i5088,36061015900i8955
36061015900i187,36061015900i6171
36061015900i187,36061015900i9300
36061015900i187,36061015900i9489
36061015900i187,36061015300i5088
36061015900i187,36061016300i5808
36061015900i187,36061015500i4288
36061015900i187,36061016300i3318
36061015900i187,36061016100i1616
36061015900i187,36061016300i5812
36061015900i187,36061015900i8253
36061015900i187,36061015900i9212
36061015900i187,36061015900i8955
36061016300i5808,36061015900i6171
36061016300i5808,36061015900i9300
36061016300i5808,36061015900i9489
36061016300i5808,36061015300i5088
36061016300i5808,36061015900i187
36061016300i5808,36061015500i4288
36061016300i5808,36061016300i3318
36061016300i5808,36061016100i1616
36061016300i5808,36061016300i5812
36061016300i5808,36061015900i8253
36061016300i5808,36061015900i9212
36061016300i5808,36061015900i8955
36061015500i4288,36061015900i6171
36061015500i4288,36061015900i9300
36061015500i4288,36061015900i9489
36061015500i4288,36061015300i5088
36061015500i4288,36061015900i187
36061015500i4288,36061016300i5808
36061015500i4288,36061016300i3318
36061015500i4288,36061016100i1616
36061015500i4288,36061016300i5812
36061015500i4288,36061015900i8253
36061015500i4288,36061015900i9212
36061015500i4288,36061015900i8955
36061016300i3318,36061015900i6171
36061016300i3318,36061015900i9300
36061016300i3318,36061015900i9489
36061016300i3318,36061015300i5088
36061016300i3318,36061015900i187
36061016300i3318,36061016300i5808
36061016300i3318,36061015500i4288
36061016300i3318,36061016100i1616
36061016300i3318,36061016300i5812
36061016300i3318,36061015900i8253
36061016300i3318,36061015900i9212
36061016300i3318,36061015900i8955
36061016100i1616,36061015900i6171
36061016100i1616,36061015900i9300
36061016100i1616,36061015900i9489
36061016100i1616,36061015300i5088
36061016100i1616,36061015900i187
36061016100i1616,36061016300i5808
36061016100i1616,36061015500i4288
36061016100i1616,36061016300i3318
36061016100i1616,36061016300i5812
36061016100i1616,36061015900i8253
36061016100i1616,36061015900i9212
36061016100i1616,36061015900i8955
36061016300i5812,36061015900i6171
36061016300i5812,36061015900i9300
36061016300i5812,36061015900i9489
36061016300i5812,36061015300i5088
36061016300i5812,36061015900i187
36061016300i5812,36061016300i5808
36061016300i5812,36061015500i4288
36061016300i5812,36061016300i3318
36061016300i5812,36061016100i1616
36061016300i5812,36061015900i8253
36061016300i5812,36061015900i9212
36061016300i5812,36061015900i8955
36061015900i8253,36061015900i6171
36061015900i8253,36061015900i9300
36061015900i8253,36061015900i9489
36061015900i8253,36061015300i5088
36061015900i8253,36061015900i187
36061015900i8253,36061016300i5808
36061015900i8253,36061015500i4288
36061015900i8253,36061016300i3318
36061015900i8253,36061016100i1616
36061015900i8253,36061016300i5812
36061015900i8253,36061015900i9212
36061015900i8253,36061015900i8955
36061015900i9212,36061015900i6171
36061015900i9212,36061015900i9300
36061015900i9212,36061015900i9489
36061015900i9212,36061015300i5088
36061015900i9212,36061015900i187
36061015900i9212,36061016300i5808
36061015900i9212,36061015500i4288
36061015900i9212,36061016300i3318
36061015900i9212,36061016100i1616
36061015900i9212,36061016300i5812
36061015900i9212,36061015900i8253
36061015900i9212,36061015900i8955
36061015900i8955,36061015900i6171
36061015900i8955,36061015900i9300
36061015900i8955,36061015900i9489
36061015900i8955,36061015300i5088
36061015900i8955,36061015900i187
36061015900i8955,36061016300i5808
36061015900i8955,36061015500i4288
36061015900i8955,36061016300i3318
36061015900i8955,36061016100i1616
36061015900i8955,36061016300i5812
36061015900i8955,36061015900i8253
36061015900i8955,36061015900i9212
36061016300i5806,36061016300i4986
36061016300i5806,36061015100i4731
36061016300i5806,36061015100i3286
36061016300i5806,36061015100i5444
36061016300i4986,36061016300i5806
36061016300i4986,36061015100i4731
36061016300i4986,36061015100i3286
36061016300i4986,36061015100i5444
36061015100i4731,36061016300i5806
36061015100i4731,36061016300i4986
36061015100i4731,36061015100i3286
36061015100i4731,36061015100i5444
36061015100i3286,36061016300i5806
36061015100i3286,36061016300i4986
36061015100i3286,36061015100i4731
36061015100i3286,36061015100i5444
36061015100i5444,36061016300i5806
36061015100i5444,36061016300i4986
36061015100i5444,36061015100i4731
36061015100i5444,36061015100i3286
36061012100i8268,36061008200i1789
36061012100i8268,36061007200i8601
36061008200i1789,36061012100i8268
36061008200i1789,36061007200i8601
36061007200i8601,36061012100i8268
36061007200i8601,36061008200i1789
36061012100i8041,36061012100i8042
36061012100i8041,36061012100i8044
36061012100i8041,36061012100i8021
36061012100i8041,36061012100i8027
36061012100i8041,36061012100i8029
36061012100i8041,36061012100i8056
36061012100i8042,36061012100i8041
36061012100i8042,36061012100i8044
36061012100i8042,36061012100i8021
36061012100i8042,36061012100i8027
36061012100i8042,36061012100i8029
36061012100i8042,36061012100i8056
36061012100i8044,36061012100i8041
36061012100i8044,36061012100i8042
36061012100i8044,36061012100i8021
36061012100i8044,36061012100i8027
36061012100i8044,36061012100i8029
36061012100i8044,36061012100i8056
36061012100i8021,36061012100i8041
36061012100i8021,36061012100i8042
36061012100i8021,36061012100i8044
36061012100i8021,36061012100i8027
36061012100i8021,36061012100i8029
36061012100i8021,36061012100i8056
36061012100i8027,36061012100i8041
36061012100i8027,36061012100i8042
36061012100i8027,36061012100i8044
36061012100i8027,36061012100i8021
36061012100i8027,36061012100i8029
36061012100i8027,36061012100i8056
36061012100i8029,36061012100i8041
36061012100i8029,36061012100i8042
36061012100i8029,36061012100i8044
36061012100i8029,36061012100i8021
36061012100i8029,36061012100i8027
36061012100i8029,36061012100i8056
36061012100i8056,36061012100i8041
36061012100i8056,36061012100i8042
36061012100i8056,36061012100i8044
36061012100i8056,36061012100i8021
36061012100i8056,36061012100i8027
36061012100i8056,36061012100i8029
36061012700i2419,36061015100i6427
36061015100i6427,36061012700i2419
36061012200i1491,36061012200i2965
36061012200i2965,36061012200i1491
36061015100i4227,36061015100i2537
36061015100i2537,36061015100i4227
36061009200i680,36061012200i3481
36061009200i680,36061012200i830
36061009200i680,36061012200i1335
36061009200i680,36061012200i789
36061009200i680,36061012200i3598
36061009200i680,36061012200i2192
36061009200i680,36061012200i1943
36061012200i3481,36061009200i680
36061012200i3481,36061012200i830
36061012200i3481,36061012200i1335
36061012200i3481,36061012200i789
36061012200i3481,36061012200i3598
36061012200i3481,36061012200i2192
36061012200i3481,36061012200i1943
36061012200i830,36061009200i680
36061012200i830,36061012200i3481
36061012200i830,36061012200i1335
36061012200i830,36061012200i789
36061012200i830,36061012200i3598
36061012200i830,36061012200i2192
36061012200i830,36061012200i1943
36061012200i1335,36061009200i680
36061012200i1335,36061012200i3481
36061012200i1335,36061012200i830
36061012200i1335,36061012200i789
36061012200i1335,36061012200i3598
36061012200i1335,36061012200i2192
36061012200i1335,36061012200i1943
36061012200i789,36061009200i680
36061012200i789,36061012200i3481
36061012200i789,36061012200i830
36061012200i789,36061012200i1335
36061012200i789,36061012200i3598
36061012200i789,36061012200i2192
36061012200i789,36061012200i1943
36061012200i3598,36061009200i680
36061012200i3598,36061012200i3481
36061012200i3598,36061012200i830
36061012200i3598,36061012200i1335
36061012200i3598,36061012200i789
36061012200i3598,36061012200i2192
36061012200i3598,36061012200i1943
36061012200i2192,36061009200i680
36061012200i2192,36061012200i3481
36061012200i2192,36061012200i830
36061012200i2192,36061012200i1335
36061012200i2192,36061012200i789
36061012200i2192,36061012200i3598
36061012200i2192,36061012200i1943
36061012200i1943,36061009200i680
36061012200i1943,36061012200i3481
36061012200i1943,36061012200i830
36061012200i1943,36061012200i1335
36061012200i1943,36061012200i789
36061012200i1943,36061012200i3598
36061012200i1943,36061012200i2192
36061012700i6850,36061012700i2180
36061012700i6850,36061012700i4694
36061012700i6850,36061012700i4682
36061012700i2180,36061012700i6850
36061012700i2180,36061012700i4694
36061012700i2180,36061012700i4682
36061012700i4694,36061012700i6850
36061012700i4694,36061012700i2180
36061012700i4694,36061012700i4682
36061012700i4682,36061012700i6850
36061012700i4682,36061012700i2180
36061012700i4682,36061012700i4694
36061015300i702,36061015300i4866
36061015300i702,36061016500i4517
36061015300i702,36061015300i4282
36061015300i4866,36061015300i702
36061015300i4866,36061016500i4517
36061015300i4866,36061015300i4282
36061016500i4517,36061015300i702
36061016500i4517,36061015300i4866
36061016500i4517,36061015300i4282
36061015300i4282,36061015300i702
36061015300i4282,36061015300i4866
36061015300i4282,36061016500i4517
36061015100i144,36061015100i139
36061015100i139,36061015100i144
36061010800i2294,36061012200i1687
36061012200i1687,36061010800i2294
36061006600i481,36061008000i688
36061008000i688,36061006600i481
36061012700i505,36061007000i7587
36061012700i505,36061013500i2076
36061012700i505,36061007200i6109
36061012700i505,36061011700i2374
36061007000i7587,36061012700i505
36061007000i7587,36061013500i2076
36061007000i7587,36061007200i6109
36061007000i7587,36061011700i2374
36061013500i2076,36061012700i505
36061013500i2076,36061007000i7587
36061013500i2076,36061007200i6109
36061013500i2076,36061011700i2374
36061007200i6109,36061012700i505
36061007200i6109,36061007000i7587
36061007200i6109,36061013500i2076
36061007200i6109,36061011700i2374
36061011700i2374,36061012700i505
36061011700i2374,36061007000i7587
36061011700i2374,36061013500i2076
36061011700i2374,36061007200i6109
36061012600i3732,36061011203i663
36061012600i3732,36061010800i4826
36061012600i3732,36061010800i4934
36061011203i663,36061012600i3732
36061011203i663,36061010800i4826
36061011203i663,36061010800i4934
36061010800i4826,36061012600i3732
36061010800i4826,36061011203i663
36061010800i4826,36061010800i4934
36061010800i4934,36061012600i3732
36061010800i4934,36061011203i663
36061010800i4934,36061010800i4826
36061012200i791,36061012200i952
36061012200i791,36061012200i3575
36061012200i952,36061012200i791
36061012200i952,36061012200i3575
36061012200i3575,36061012200i791
36061012200i3575,36061012200i952
36061013900i4248,36061012200i1632
36061012200i1632,36061013900i4248
36061009200i1602,36061009200i1557
36061009200i1557,36061009200i1602
36061012600i11477,36061011600i2475
36061012600i11477,36061012200i3498
36061011600i2475,36061012600i11477
36061011600i2475,36061012200i3498
36061012200i3498,36061012600i11477
36061012200i3498,36061011600i2475
36061015300i4582,36061015300i5060
36061015300i4582,36061015100i725
36061015300i4582,36061015500i6737
36061015300i5060,36061015300i4582
36061015300i5060,36061015100i725
36061015300i5060,36061015500i6737
36061015100i725,36061015300i4582
36061015100i725,36061015300i5060
36061015100i725,36061015500i6737
36061015500i6737,36061015300i4582
36061015500i6737,36061015300i5060
36061015500i6737,36061015100i725
36061014200i2618,36061013000i1599
36061014200i2618,36061013000i1154
36061013000i1599,36061014200i2618
36061013000i1599,36061013000i1154
36061013000i1154,36061014200i2618
36061013000i1154,36061013000i1599
36061015700i2947,36061015700i1328
36061015700i2947,36061015700i1756
36061015700i1328,36061015700i2947
36061015700i1328,36061015700i1756
36061015700i1756,36061015700i2947
36061015700i1756,36061015700i1328
36061007800i4729,36061009800i6389
36061007800i4729,36061011800i652
36061007800i4729,36061009800i6856
36061009800i6389,36061007800i4729
36061009800i6389,36061011800i652
36061009800i6389,36061009800i6856
36061011800i652,36061007800i4729
36061011800i652,36061009800i6389
36061011800i652,36061009800i6856
36061009800i6856,36061007800i4729
36061009800i6856,36061009800i6389
36061009800i6856,36061011800i652
36061015100i7497,36061015100i2579
36061015100i2579,36061015100i7497
36061012200i1343,36061013400i1282
36061013400i1282,36061012200i1343
36061012700i5979,36061012500i2206
36061012500i2206,36061012700i5979
36061011800i6171,36061011800i5862
36061011800i5862,36061011800i6171
36061015100i7748,36061015100i2633
36061015100i2633,36061015100i7748
36061009800i4512,36061009800i4224
36061009800i4224,36061009800i4512
36061013700i2630,36061012800i2752
36061012800i2752,36061013700i2630
36061015100i2648,36061016700i3416
36061015100i2648,36061015100i5444
36061016700i3416,36061015100i2648
36061016700i3416,36061015100i5444
36061015100i5444,36061015100i2648
36061015100i5444,36061016700i3416
36061009800i6819,36061009800i7209
36061009800i7209,36061009800i6819
36061015900i6706,36061017300i8497
36061017300i8497,36061015900i6706
36061013200i9800,36061013000i3675
36061013000i3675,36061013200i9800
36061017300i1042,36061016100i5193
36061016100i5193,36061017300i1042
